{"schemaVersion":"1.0","appDefinitionTemplate":{"id":"/providers/Microsoft.PowerApps/apps/","type":"Microsoft.PowerApps/apps","tags":{"primaryDeviceWidth":"640","primaryDeviceHeight":"1136","sienaVersion":"20201030T031424Z-3.20103.28.0","deviceCapabilities":"","supportsPortrait":"true","supportsLandscape":"false","primaryFormFactor":"Phone","publisherVersion":"3.20103.28","minimumRequiredApiVersion":"2.2.0","hasComponent":"false","hasUnlockedComponent":"false","isUnifiedRootApp":"false"},"properties":{"appVersion":"2020-10-30T03:14:24Z","lifeCycleId":"Published","createdByClientVersion":{"major":3,"minor":20103,"build":28,"revision":0,"majorRevision":0,"minorRevision":0},"minClientVersion":{"major":3,"minor":20103,"build":28,"revision":0,"majorRevision":0,"minorRevision":0},"backgroundColor":"rgba(0, 176, 240, 1)","backgroundImageUri":"/18319766262017790940/N2904e404-c336-4892-994f-6c15743833fa-logoSmallFile","displayName":"Object Detection App","description":"","commitMessage":"","appUris":{"documentUri":{"value":"/18319766262017790940/Nff513e0c-27d5-4469-b9b6-9b8af788c1b6-document.msapp","readonlyValue":"/18319766262017790940/Nff513e0c-27d5-4469-b9b6-9b8af788c1b6-document.msapp"},"imageUris":[]},"createdTime":"0001-01-01T00:00:00Z","lastModifiedTime":"0001-01-01T00:00:00Z","sharedGroupsCount":0,"sharedUsersCount":0,"icons":{"smallIconUri":"/18319766262017790940/N688e15b4-5a44-4f89-8b96-df92de7b1782-small.png","mediumIconUri":"/18319766262017790940/Nd6aa9e8e-7a89-4b5f-83a6-f4775132bac8-medium.png","largeIconUri":"/18319766262017790940/N9bea6b6f-e8ee-48c4-9662-c2a67ad5f88f-large.png","wideIconUri":"/18319766262017790940/N3ad69cae-88de-4abf-9205-aad11f85ff77-wide.png"},"connectionReferences":{"9434290b-012c-4cf5-a2fa-0d4262ecdf12":{"id":"12fd86fa-81f6-41a2-b4e8-0233da1c4a5f","displayName":"Microsoft Translator","iconUri":"https://connectoricons-prod.azureedge.net/releases/v1.0.1391/1.0.1391.2128/microsofttranslator/icon.png","dataSources":["MicrosoftTranslator"],"dependencies":[],"dependents":[],"parameterHints":{},"isOnPremiseConnection":false,"sharedConnectionId":"9434bbfd-ebd6-43fd-8d0d-93cb7a135c50","bypassConsent":false,"dataSets":{},"apiTier":"Standard","isCustomApiConnection":false,"actions":["TextToSpeech"]}},"databaseReferences":{"default.cds":{"databaseDetails":{"referenceType":"Environmental","environmentName":"default.cds"},"dataSources":{"43b0dc67-68af-47ae-9a9c-9e69d396ba3e":{"entitySetName":"msdyn_aimodels","logicalName":"msdyn_aimodel"},"18333537-fdd1-4579-907c-955609c15d25":{"entitySetName":"msdyn_aiconfigurations","logicalName":"msdyn_aiconfiguration"},"39a6196f-02b0-4fc1-9715-78a41651bedd":{"entitySetName":"msdyn_aiodlabels","logicalName":"msdyn_aiodlabel"}}}},"almMode":"Environment","performanceOptimizationEnabled":true,"canConsumeAppPass":true,"executionRestrictions":{"isTeamsOnly":false,"dataLossPreventionEvaluationResult":{"status":"Compliant","lastEvaluationDate":"2020-10-30T02:24:27.1337212Z","violationDetails":[]}}},"isAppComponentLibrary":false,"appType":"ClassicCanvasApp","appComponents":[]}}